DISCADOR;364606;;;1;30/03/2023;
DISCADOR;364607;;;1;30/03/2023;
DISCADOR;364608;;;1;30/03/2023;
DISCADOR;364609;;;1;30/03/2023;
DISCADOR;364610;;;1;30/03/2023;
DISCADOR;364614;;;1;30/03/2023;
DISCADOR;364615;;;1;30/03/2023;
DISCADOR;364616;;;1;30/03/2023;
DISCADOR;364617;;;1;30/03/2023;
HEADSET;1193003;;;1;26/01/2023;
HEADSET;1193048;;;2;26/01/2023;05/07/2023
HEADSET;1193049;;;2;26/01/2023;05/07/2023
HEADSET;1193050;;;1;26/01/2023;
HEADSET;1193051;;;1;26/01/2023;
HEADSET;1193052;;;1;26/01/2023;
HEADSET;1193053;;;1;26/01/2023;
HEADSET;1193054;;;1;26/01/2023;
HEADSET;1193055;;;1;26/01/2023;
HEADSET;1193056;;;1;26/01/2023;
HEADSET;1193057;;;1;26/01/2023;
HEADSET;1193058;;;1;26/01/2023;
HEADSET;1193059;;;1;26/01/2023;
HEADSET;1193060;;;2;26/01/2023;05/07/2023
HEADSET;1193061;;;1;26/01/2023;
HEADSET;1193062;;;1;26/01/2023;
HEADSET;1193063;;;1;26/01/2023;
HEADSET;1193064;;;1;26/01/2023;
HEADSET;1193065;;;1;26/01/2023;
HEADSET;1193066;;;1;26/01/2023;
DISCADOR;364603;;;1;26/01/2023;
DISCADOR;364604;;;1;26/01/2023;
DISCADOR;364605;;;1;26/01/2023;
DISCADOR;364641;;;1;26/01/2023;
DISCADOR;364642;;;1;26/01/2023;
HEADSET;364618;;;1;30/03/2023;
HEADSET;364619;;;1;30/03/2023;
HEADSET;364620;;;2;30/03/2023;01/06/2023
HEADSET;364621;;;2;30/03/2023;01/06/2023
HEADSET;364622;;;1;30/03/2023;
HEADSET;364623;;;1;30/03/2023;
HEADSET;364624;;;2;30/03/2023;05/07/2023
HEADSET;364625;;;1;30/03/2023;
HEADSET;364626;;;1;30/03/2023;
HEADSET;364627;;;1;30/03/2023;
HEADSET;364628;;;1;30/03/2023;
HEADSET;364629;;;1;30/03/2023;
HEADSET;364630;;;1;30/03/2023;
HEADSET;364643;;;2;30/03/2023;01/06/2023
HEADSET;364644;;;1;30/03/2023;
HEADSET;364645;;;1;30/03/2023;
HEADSET;364646;;;2;30/03/2023;01/06/2023
HEADSET;364647;;;1;30/03/2023;
HEADSET;364651;;;1;30/03/2023;
HEADSET;364652;;;1;30/03/2023;
HEADSET;364631;;;1;01/06/2023;
HEADSET;364632;;;1;01/06/2023;
HEADSET;364633;;;1;01/06/2023;
HEADSET;364634;;;1;01/06/2023;
HEADSET;364635;;;1;01/06/2023;
HEADSET;364636;;;1;01/06/2023;
HEADSET;364637;;;1;01/06/2023;
HEADSET;364638;;;1;01/06/2023;
HEADSET;364639;;;1;01/06/2023;
HEADSET;364640;;;1;01/06/2023;
HEADSET;364649;;;1;01/06/2023;
HEADSET;364653;;;1;26/01/2023;
HEADSET;364654;Com Garantia ;Ainda tem 90 dias;1;05/07/2023;
HEADSET;364655;Com Garantia ;Ainda tem 90 dias;1;05/07/2023;
HEADSET;364656;Com Garantia ;Ainda tem 90 dias;1;05/07/2023;
HEADSET;364660;Com Garantia ;Ainda tem 90 dias;1;05/07/2023;
HEADSET;364657;Com Garantia ;Ainda tem 90 dias;1;05/07/2023;
HEADSET;364659;Com Garantia ;Ainda tem 90 dias;1;05/07/2023;
HEADSET;364658;Com Garantia ;Ainda tem 90 dias;1;05/07/2023;
HEADSET;364670;Com Garantia ;Ainda tem 90 dias;1;05/07/2023;
HEADSET;364661;Com Garantia ;Ainda tem 90 dias;1;05/07/2023;
HEADSET;364669;Com Garantia ;Ainda tem 90 dias;1;05/07/2023;
HEADSET;364662;Com Garantia ;Ainda tem 90 dias;1;05/07/2023;
HEADSET;364663;Com Garantia ;Ainda tem 90 dias;1;05/07/2023;
HEADSET;364668;Com Garantia ;Ainda tem 90 dias;1;05/07/2023;
HEADSET;364667;Com Garantia ;Ainda tem 90 dias;1;05/07/2023;
HEADSET;364666;Com Garantia ;Ainda tem 90 dias;1;05/07/2023;
HEADSET;364665;Com Garantia ;Ainda tem 90 dias;1;05/07/2023;
HEADSET;364664;Com Garantia ;Ainda tem 90 dias;1;05/07/2023;
HEADSET;364680;Com Garantia ;Ainda tem 90 dias;1;05/07/2023;
CARRAPATOS;364691;Com Garantia ;Ainda tem 90 dias;1;05/07/2023;
CARRAPATOS;364699;Com Garantia ;Ainda tem 90 dias;1;05/07/2023;
CARRAPATOS;364692;Com Garantia ;Ainda tem 90 dias;1;05/07/2023;
CARRAPATOS;364698;Com Garantia ;Ainda tem 90 dias;1;05/07/2023;
CARRAPATOS;364697;Com Garantia ;Ainda tem 90 dias;1;05/07/2023;
CARRAPATOS;364695;Com Garantia ;Ainda tem 90 dias;1;05/07/2023;
CARRAPATOS;364693;Com Garantia ;Ainda tem 90 dias;1;05/07/2023;
CARRAPATOS;364694;Com Garantia ;Ainda tem 90 dias;1;05/07/2023;
CARRAPATOS;364672;Com Garantia ;Ainda tem 90 dias;1;05/07/2023;
CARRAPATOS;364671;Com Garantia ;Ainda tem 90 dias;1;05/07/2023;
DISCADOR;364682;Com Garantia ;Ainda tem 90 dias;1;05/07/2023;
DISCADOR;364700;Com Garantia ;Ainda tem 90 dias;1;05/07/2023;
DISCADOR;364684;Com Garantia ;Ainda tem 90 dias;1;05/07/2023;
DISCADOR;364685;Com Garantia ;Ainda tem 90 dias;1;05/07/2023;
DISCADOR;364681;Com Garantia ;Ainda tem 90 dias;1;05/07/2023;
DISCADOR;364689;Com Garantia ;Ainda tem 90 dias;1;05/07/2023;
DISCADOR;364688;Com Garantia ;Ainda tem 90 dias;1;05/07/2023;
DISCADOR;364690;Com Garantia ;Ainda tem 90 dias;1;05/07/2023;
DISCADOR;364683;Com Garantia ;Ainda tem 90 dias;1;05/07/2023;
DISCADOR;364674;Com Garantia ;Ainda tem 90 dias;1;01/06/2023;
DISCADOR;364687;Com Garantia ;Ainda tem 90 dias;1;01/06/2023;
DISCADOR;364673;Com Garantia ;Ainda tem 90 dias;1;01/06/2023;
DISCADOR;364673;Com Garantia ;Ainda tem 90 dias;1;01/06/2023;
